review_cost,policy,total_cost,missed_euros,alerts,frauds_caught,fraud_euros_caught_share,fraud_count_caught_share
1,do nothing,16411.64,16411.64,0,0,0.0,0.0
1,v1 rule (score >= 0.5),6053.729999999999,5953.729999999999,100,77,0.6372251645783116,0.6754385964912281
1,best fixed threshold,4535.46,3973.46,562,96,0.7578876943437707,0.8421052631578947
1,expected-loss rule,3415.8300000000004,2885.8300000000004,530,48,0.8241595599221041,0.42105263157894735
5,do nothing,16411.64,16411.64,0,0,0.0,0.0
5,v1 rule (score >= 0.5),6453.729999999999,5953.729999999999,100,77,0.6372251645783116,0.6754385964912281
5,best fixed threshold,6475.73,5950.73,105,79,0.637407961666232,0.6929824561403509
5,expected-loss rule,4678.6900000000005,4118.6900000000005,112,40,0.749038487317538,0.3508771929824561
10,do nothing,16411.64,16411.64,0,0,0.0,0.0
10,v1 rule (score >= 0.5),6953.729999999999,5953.729999999999,100,77,0.6372251645783116,0.6754385964912281
10,best fixed threshold,7000.73,5950.73,105,79,0.637407961666232,0.6929824561403509
10,expected-loss rule,4822.63,4142.63,68,37,0.7475797665559323,0.32456140350877194
25,do nothing,16411.64,16411.64,0,0,0.0,0.0
25,v1 rule (score >= 0.5),8453.73,5953.729999999999,100,77,0.6372251645783116,0.6754385964912281
25,best fixed threshold,11529.79,9379.79,86,70,0.42846723423131383,0.6140350877192983
25,expected-loss rule,5733.429999999999,4558.429999999999,47,33,0.7222440901701476,0.2894736842105263
